month,currency,value_basis,verified_cost,estimated_additions,reconstructed_total,reconstructed_low,reconstructed_high,confirmed_cash_payments,cash_status,effective_start,effective_end,recorded_at,note
2026-03,EUR,native_tariff_or_invoice_amount,0.0000000000,1.5552000000,1.5552000000,0.8640000000,1.7280000000,,unknown_amounts; Apple purchase occurrence confirmed,2026-03-21,2026-03-31,2026-10-11,"Costs assigned to usage/purchase month; invoices valued at issue-date FX, estimates at dated period-end FX. Includes whole Apple annual purchase once; invoice/funding taxes or credits not known."
2026-03,USD,native_tariff_or_invoice_amount,0.0000000000,34.8890688571,34.8890688571,22.2192594286,49.1249377143,,unknown_amounts; Apple purchase occurrence confirmed,2026-03-21,2026-03-31,2026-10-11,"Costs assigned to usage/purchase month; invoices valued at issue-date FX, estimates at dated period-end FX. Includes whole Apple annual purchase once; invoice/funding taxes or credits not known."
2026-03,PLN,currency_equivalent_not_bank_debit,0.0000000000,137.0012411268,137.0012411268,86.8231499364,190.8395528676,,unknown_amounts; Apple purchase occurrence confirmed,2026-03-21,2026-03-31,2026-10-11,"Costs assigned to usage/purchase month; invoices valued at issue-date FX, estimates at dated period-end FX. Includes whole Apple annual purchase once; invoice/funding taxes or credits not known."
2026-04,EUR,native_tariff_or_invoice_amount,0.0000000000,4.4900000000,4.4900000000,4.4900000000,4.4900000000,,unknown_amounts; Apple purchase occurrence confirmed,2026-04-01,2026-04-30,2026-10-11,"Costs assigned to usage/purchase month; invoices valued at issue-date FX, estimates at dated period-end FX. Includes whole Apple annual purchase once; invoice/funding taxes or credits not known."
2026-04,USD,native_tariff_or_invoice_amount,0.0000000000,57.9983600000,57.9983600000,38.5422990000,73.4368210000,,unknown_amounts; Apple purchase occurrence confirmed,2026-04-01,2026-04-30,2026-10-11,"Costs assigned to usage/purchase month; invoices valued at issue-date FX, estimates at dated period-end FX. Includes whole Apple annual purchase once; invoice/funding taxes or credits not known."
2026-04,PLN,currency_equivalent_not_bank_debit,0.0000000000,230.2359877848,230.2359877848,159.5714362664,286.4483697032,,unknown_amounts; Apple purchase occurrence confirmed,2026-04-01,2026-04-30,2026-10-11,"Costs assigned to usage/purchase month; invoices valued at issue-date FX, estimates at dated period-end FX. Includes whole Apple annual purchase once; invoice/funding taxes or credits not known."
2026-05,EUR,native_tariff_or_invoice_amount,0.0000000000,4.4900000000,4.4900000000,4.4900000000,4.4900000000,,unknown_amounts; Apple purchase occurrence confirmed,2026-05-01,2026-05-31,2026-10-11,"Costs assigned to usage/purchase month; invoices valued at issue-date FX, estimates at dated period-end FX. Includes whole Apple annual purchase once; invoice/funding taxes or credits not known."
2026-05,USD,native_tariff_or_invoice_amount,0.0000000000,160.8701950000,160.8701950000,121.8059950000,195.7991950000,,unknown_amounts; Apple purchase occurrence confirmed,2026-05-01,2026-05-31,2026-10-11,"Costs assigned to usage/purchase month; invoices valued at issue-date FX, estimates at dated period-end FX. Includes whole Apple annual purchase once; invoice/funding taxes or credits not known."
2026-05,PLN,currency_equivalent_not_bank_debit,0.0000000000,604.5767837380,604.5767837380,462.3490278380,731.7008792380,,unknown_amounts; Apple purchase occurrence confirmed,2026-05-01,2026-05-31,2026-10-11,"Costs assigned to usage/purchase month; invoices valued at issue-date FX, estimates at dated period-end FX. Includes whole Apple annual purchase once; invoice/funding taxes or credits not known."
2026-06,EUR,native_tariff_or_invoice_amount,0.0000000000,4.4900000000,4.4900000000,4.4900000000,4.4900000000,,unknown_amounts; Apple purchase occurrence confirmed,2026-06-01,2026-06-30,2026-10-11,"Costs assigned to usage/purchase month; invoices valued at issue-date FX, estimates at dated period-end FX. Includes whole Apple annual purchase once; invoice/funding taxes or credits not known."
2026-06,USD,native_tariff_or_invoice_amount,0.0000000000,144.0147320000,144.0147320000,125.4993600000,181.1633040000,,unknown_amounts; Apple purchase occurrence confirmed,2026-06-01,2026-06-30,2026-10-11,"Costs assigned to usage/purchase month; invoices valued at issue-date FX, estimates at dated period-end FX. Includes whole Apple annual purchase once; invoice/funding taxes or credits not known."
2026-06,PLN,currency_equivalent_not_bank_debit,0.0000000000,548.2282245488,548.2282245488,478.7005667496,685.0735999080,,unknown_amounts; Apple purchase occurrence confirmed,2026-06-01,2026-06-30,2026-10-11,"Costs assigned to usage/purchase month; invoices valued at issue-date FX, estimates at dated period-end FX. Includes whole Apple annual purchase once; invoice/funding taxes or credits not known."
2026-07,EUR,native_tariff_or_invoice_amount,4.4900000000,0.0000000000,4.4900000000,4.4900000000,4.4900000000,,unknown_amounts; Apple purchase occurrence confirmed,2026-07-01,2026-07-31,2026-10-11,"Costs assigned to usage/purchase month; invoices valued at issue-date FX, estimates at dated period-end FX. Includes whole Apple annual purchase once; invoice/funding taxes or credits not known."
2026-07,USD,native_tariff_or_invoice_amount,0.0000000000,50.1700771417,50.1700771417,38.7467515708,57.2910027125,,unknown_amounts; Apple purchase occurrence confirmed,2026-07-01,2026-07-31,2026-10-11,"Costs assigned to usage/purchase month; invoices valued at issue-date FX, estimates at dated period-end FX. Includes whole Apple annual purchase once; invoice/funding taxes or credits not known."
2026-07,PLN,currency_equivalent_not_bank_debit,19.6527300000,187.9455137027,207.5982437027,164.6624477538,234.2483076515,,unknown_amounts; Apple purchase occurrence confirmed,2026-07-01,2026-07-31,2026-10-11,"Costs assigned to usage/purchase month; invoices valued at issue-date FX, estimates at dated period-end FX. Includes whole Apple annual purchase once; invoice/funding taxes or credits not known."
2026-08,EUR,native_tariff_or_invoice_amount,4.4900000000,0.0000000000,4.4900000000,4.4900000000,4.4900000000,,unknown_amounts; Apple purchase occurrence confirmed,2026-08-01,2026-08-31,2026-10-11,"Costs assigned to usage/purchase month; invoices valued at issue-date FX, estimates at dated period-end FX. Includes whole Apple annual purchase once; invoice/funding taxes or credits not known."
2026-08,USD,native_tariff_or_invoice_amount,0.0000000000,28.5664400000,28.5664400000,17.2197450000,35.8163350000,,unknown_amounts; Apple purchase occurrence confirmed,2026-08-01,2026-08-31,2026-10-11,"Costs assigned to usage/purchase month; invoices valued at issue-date FX, estimates at dated period-end FX. Includes whole Apple annual purchase once; invoice/funding taxes or credits not known."
2026-08,PLN,currency_equivalent_not_bank_debit,19.6527300000,105.9659356640,125.6186656640,83.6880472170,152.4524845910,,unknown_amounts; Apple purchase occurrence confirmed,2026-08-01,2026-08-31,2026-10-11,"Costs assigned to usage/purchase month; invoices valued at issue-date FX, estimates at dated period-end FX. Includes whole Apple annual purchase once; invoice/funding taxes or credits not known."
2026-09,EUR,native_tariff_or_invoice_amount,4.4900000000,0.0000000000,4.4900000000,4.4900000000,4.4900000000,,unknown_amounts; Apple purchase occurrence confirmed,2026-09-01,2026-09-30,2026-10-11,"Costs assigned to usage/purchase month; invoices valued at issue-date FX, estimates at dated period-end FX. Includes whole Apple annual purchase once; invoice/funding taxes or credits not known."
2026-09,USD,native_tariff_or_invoice_amount,3.2630141728,24.5381075426,27.8011217154,22.9305443599,28.4230172880,,unknown_amounts; Apple purchase occurrence confirmed,2026-09-01,2026-09-30,2026-10-11,"Costs assigned to usage/purchase month; invoices valued at issue-date FX, estimates at dated period-end FX. Includes whole Apple annual purchase once; invoice/funding taxes or credits not known."
2026-09,PLN,currency_equivalent_not_bank_debit,32.1703646493,93.4811765334,125.6515411827,107.1297054229,128.0501386328,,unknown_amounts; Apple purchase occurrence confirmed,2026-09-01,2026-09-30,2026-10-11,"Costs assigned to usage/purchase month; invoices valued at issue-date FX, estimates at dated period-end FX. Includes whole Apple annual purchase once; invoice/funding taxes or credits not known."
2026-10,EUR,native_tariff_or_invoice_amount,0.0000000000,1.7326580000,1.7326580000,1.7326580000,1.7326580000,,unknown_amounts; Apple purchase occurrence confirmed,2026-10-01,2026-10-11T00:38:49+00:00,2026-10-11,"Costs assigned to usage/purchase month; invoices valued at issue-date FX, estimates at dated period-end FX. Includes whole Apple annual purchase once; invoice/funding taxes or credits not known."
2026-10,USD,native_tariff_or_invoice_amount,0.0000000000,5.6965976600,5.6965976600,4.9853968600,5.6965976600,,unknown_amounts; Apple purchase occurrence confirmed,2026-10-01,2026-10-11T00:38:49+00:00,2026-10-11,"Costs assigned to usage/purchase month; invoices valued at issue-date FX, estimates at dated period-end FX. Includes whole Apple annual purchase once; invoice/funding taxes or credits not known."
2026-10,PLN,currency_equivalent_not_bank_debit,0.0000000000,29.8139737839,29.8139737839,27.0387260221,29.8139737839,,unknown_amounts; Apple purchase occurrence confirmed,2026-10-01,2026-10-11T00:38:49+00:00,2026-10-11,"Costs assigned to usage/purchase month; invoices valued at issue-date FX, estimates at dated period-end FX. Includes whole Apple annual purchase once; invoice/funding taxes or credits not known."
