transaction_id,provider,transaction_kind,effective_start,effective_end,posted_at,recorded_at,currency,amount,evidence_category,allocation_fraction,confirmed_cash_amount,source,note
billing-1,Hetzner,invoice_accrual,2026-07-01,2026-08-31,2026-10-01,2026-10-11,EUR,8.9800000000,Verified,1.0000000000,,evidence/billing.json,Sentinel line items only; invoice amount is not proof of payment.
billing-2,Hetzner,invoice_accrual,2026-09-01,2026-09-30,2026-10-04,2026-10-11,EUR,4.4900000000,Verified,1.0000000000,,evidence/billing.json,Sentinel line items only; invoice amount is not proof of payment.
cost-044,OpenRouter,provider_usage,2026-09-20T15:19:19.866440+00:00,2026-09-20T15:19:19.866440+00:00,2026-09-20T15:19:19.866440+00:00,2026-10-11,USD,0.1712970000,Verified,1.0000000000,,data/eval/model-comparison-development-20260920.json,Provider-reported attributable consumption; no funding payment booked.
cost-045,OpenRouter,provider_usage,2026-09-20T15:19:19.866440+00:00,2026-09-20T15:19:19.866440+00:00,2026-09-20T15:19:19.866440+00:00,2026-10-11,USD,0.0116432964,Verified,1.0000000000,,data/eval/model-comparison-development-20260920.json,Provider-reported attributable consumption; no funding payment booked.
cost-046,OpenRouter,provider_usage,2026-09-20T15:19:19.866440+00:00,2026-09-20T15:19:19.866440+00:00,2026-09-20T15:19:19.866440+00:00,2026-10-11,USD,0.0097469100,Verified,1.0000000000,,data/eval/model-comparison-development-20260920.json,Provider-reported attributable consumption; no funding payment booked.
cost-047,OpenRouter,provider_usage,2026-09-20T15:19:19.866440+00:00,2026-09-20T15:19:19.866440+00:00,2026-09-20T15:19:19.866440+00:00,2026-10-11,USD,0.0165639700,Verified,1.0000000000,,data/eval/model-comparison-development-20260920.json,Provider-reported attributable consumption; no funding payment booked.
cost-048,OpenRouter,provider_usage,2026-09-20T17:16:22.544125+00:00,2026-09-20T17:16:22.544125+00:00,2026-09-20T17:16:22.544125+00:00,2026-10-11,USD,0.0086772224,Verified,1.0000000000,,data/eval/v2-development-20260920-deepseek-reference.json,Provider-reported attributable consumption; no funding payment booked.
cost-049,OpenRouter,provider_usage,2026-09-20T17:16:22.516633+00:00,2026-09-20T17:16:22.516633+00:00,2026-09-20T17:16:22.516633+00:00,2026-10-11,USD,0.1686000000,Verified,1.0000000000,,data/eval/v2-development-20260920-haiku-reference.json,Provider-reported attributable consumption; no funding payment booked.
cost-050,OpenRouter,provider_usage,2026-09-20T17:16:22.598305+00:00,2026-09-20T17:16:22.598305+00:00,2026-09-20T17:16:22.598305+00:00,2026-10-11,USD,0.0169424500,Verified,1.0000000000,,data/eval/v2-development-20260920-luna-reference.json,Provider-reported attributable consumption; no funding payment booked.
cost-051,OpenRouter,provider_usage,2026-09-20T17:16:22.516855+00:00,2026-09-20T17:16:22.516855+00:00,2026-09-20T17:16:22.516855+00:00,2026-10-11,USD,0.0098673600,Verified,1.0000000000,,data/eval/v2-development-20260920-qwen-reference.json,Provider-reported attributable consumption; no funding payment booked.
cost-052,OpenRouter,provider_usage,2026-09-20T17:21:22.140911+00:00,2026-09-20T17:21:22.140911+00:00,2026-09-20T17:21:22.140911+00:00,2026-10-11,USD,0.0141470504,Verified,1.0000000000,,data/eval/v2-holdout-20260920-deepseek-reference.json,Provider-reported attributable consumption; no funding payment booked.
cost-053,OpenRouter,provider_usage,2026-09-20T17:21:22.138114+00:00,2026-09-20T17:21:22.138114+00:00,2026-09-20T17:21:22.138114+00:00,2026-10-11,USD,0.2932200000,Verified,1.0000000000,,data/eval/v2-holdout-20260920-haiku-reference.json,Provider-reported attributable consumption; no funding payment booked.
cost-054,OpenRouter,provider_usage,2026-09-20T17:21:22.246293+00:00,2026-09-20T17:21:22.246293+00:00,2026-09-20T17:21:22.246293+00:00,2026-10-11,USD,0.0284832500,Verified,1.0000000000,,data/eval/v2-holdout-20260920-luna-reference.json,Provider-reported attributable consumption; no funding payment booked.
cost-055,OpenRouter,provider_usage,2026-09-20T17:21:22.172658+00:00,2026-09-20T17:21:22.172658+00:00,2026-09-20T17:21:22.172658+00:00,2026-10-11,USD,0.0165835940,Verified,1.0000000000,,data/eval/v2-holdout-20260920-qwen-reference.json,Provider-reported attributable consumption; no funding payment booked.
cost-056,OpenRouter,provider_usage,2026-09-20T17:51:04.474793+00:00,2026-09-20T17:51:04.474793+00:00,2026-09-20T17:51:04.474793+00:00,2026-10-11,USD,0.0085104208,Verified,1.0000000000,,data/eval/v2-runtime-development-20260920-deepseek.json,Provider-reported attributable consumption; no funding payment booked.
cost-057,OpenRouter,provider_usage,2026-09-20T17:51:04.546960+00:00,2026-09-20T17:51:04.546960+00:00,2026-09-20T17:51:04.546960+00:00,2026-10-11,USD,0.0158461000,Verified,1.0000000000,,data/eval/v2-runtime-development-20260920-luna.json,Provider-reported attributable consumption; no funding payment booked.
cost-058,OpenRouter,provider_usage,2026-09-20T17:57:08.744144+00:00,2026-09-20T17:57:08.744144+00:00,2026-09-20T17:57:08.744144+00:00,2026-10-11,USD,0.0125268416,Verified,1.0000000000,,data/eval/v2-runtime-holdout-20260920-deepseek.json,Provider-reported attributable consumption; no funding payment booked.
cost-059,OpenRouter,provider_usage,2026-09-20T17:52:50.180518+00:00,2026-09-20T17:52:50.180518+00:00,2026-09-20T17:52:50.180518+00:00,2026-10-11,USD,0.0283101500,Verified,1.0000000000,,data/eval/v2-runtime-holdout-20260920-luna.json,Provider-reported attributable consumption; no funding payment booked.
cost-060,OpenRouter,provider_usage,2026-09-23T19:27:31.567627+00:00,2026-09-23T19:27:31.567627+00:00,2026-09-23T19:27:31.567627+00:00,2026-10-11,USD,0.0227102600,Verified,1.0000000000,,data/eval/gpt6-holdout-r1-20260923.json,Provider-reported attributable consumption; no funding payment booked.
cost-061,OpenRouter,provider_usage,2026-09-23T19:27:31.567627+00:00,2026-09-23T19:27:31.567627+00:00,2026-09-23T19:27:31.567627+00:00,2026-10-11,USD,0.0100652650,Verified,1.0000000000,,data/eval/gpt6-holdout-r1-20260923.json,Provider-reported attributable consumption; no funding payment booked.
cost-062,OpenRouter,provider_usage,2026-09-23T19:27:31.574238+00:00,2026-09-23T19:27:31.574238+00:00,2026-09-23T19:27:31.574238+00:00,2026-10-11,USD,0.0283885500,Verified,1.0000000000,,data/eval/gpt6-holdout-r2-20260923.json,Provider-reported attributable consumption; no funding payment booked.
cost-063,OpenRouter,provider_usage,2026-09-23T19:27:31.574238+00:00,2026-09-23T19:27:31.574238+00:00,2026-09-23T19:27:31.574238+00:00,2026-10-11,USD,0.0119995150,Verified,1.0000000000,,data/eval/gpt6-holdout-r2-20260923.json,Provider-reported attributable consumption; no funding payment booked.
cost-064,OpenRouter,provider_usage,2026-09-23T19:27:31.574145+00:00,2026-09-23T19:27:31.574145+00:00,2026-09-23T19:27:31.574145+00:00,2026-10-11,USD,0.0232712100,Verified,1.0000000000,,data/eval/gpt6-holdout-r3-20260923.json,Provider-reported attributable consumption; no funding payment booked.
cost-065,OpenRouter,provider_usage,2026-09-23T19:27:31.574145+00:00,2026-09-23T19:27:31.574145+00:00,2026-09-23T19:27:31.574145+00:00,2026-10-11,USD,0.0095875300,Verified,1.0000000000,,data/eval/gpt6-holdout-r3-20260923.json,Provider-reported attributable consumption; no funding payment booked.
cost-081,OpenRouter,provider_usage,2026-09-24T06:57:29.110770+00:00,2026-09-24T06:57:29.110770+00:00,2026-09-24T06:57:29.110770+00:00,2026-10-11,USD,2.0146290000,Verified,1.0000000000,,data/eval/suite/runs/dev-baseline-20260924/calls.jsonl,Provider-reported attributable consumption; no funding payment booked.
cost-082,OpenRouter,provider_usage,2026-09-24T06:57:29.110770+00:00,2026-09-24T06:57:29.110770+00:00,2026-09-24T06:57:29.110770+00:00,2026-10-11,USD,0.1881845700,Verified,1.0000000000,,data/eval/suite/runs/dev-baseline-20260924/calls.jsonl,Provider-reported attributable consumption; no funding payment booked.
cost-083,OpenRouter,provider_usage,2026-09-23T20:35:29.193391+00:00,2026-09-23T20:35:29.193391+00:00,2026-09-23T20:35:29.193391+00:00,2026-10-11,USD,0.0209520000,Verified,1.0000000000,,data/eval/suite/runs/smoke-20260923/calls.jsonl,Provider-reported attributable consumption; no funding payment booked.
cost-084,OpenRouter,provider_usage,2026-09-23T20:35:29.193391+00:00,2026-09-23T20:35:29.193391+00:00,2026-09-23T20:35:29.193391+00:00,2026-10-11,USD,0.0566340000,Verified,1.0000000000,,data/eval/suite/runs/smoke-20260923/calls.jsonl,Provider-reported attributable consumption; no funding payment booked.
cost-085,OpenRouter,provider_usage,2026-09-23T20:35:29.193391+00:00,2026-09-23T20:35:29.193391+00:00,2026-09-23T20:35:29.193391+00:00,2026-10-11,USD,0.0011424532,Verified,1.0000000000,,data/eval/suite/runs/smoke-20260923/calls.jsonl,Provider-reported attributable consumption; no funding payment booked.
cost-086,OpenRouter,provider_usage,2026-09-23T20:35:29.193391+00:00,2026-09-23T20:35:29.193391+00:00,2026-09-23T20:35:29.193391+00:00,2026-10-11,USD,0.0009882700,Verified,1.0000000000,,data/eval/suite/runs/smoke-20260923/calls.jsonl,Provider-reported attributable consumption; no funding payment booked.
cost-087,OpenRouter,provider_usage,2026-09-23T20:35:29.193391+00:00,2026-09-23T20:35:29.193391+00:00,2026-09-23T20:35:29.193391+00:00,2026-10-11,USD,0.0053700000,Verified,1.0000000000,,data/eval/suite/runs/smoke-20260923/calls.jsonl,Provider-reported attributable consumption; no funding payment booked.
cost-088,OpenRouter,provider_usage,2026-09-23T20:35:29.193391+00:00,2026-09-23T20:35:29.193391+00:00,2026-09-23T20:35:29.193391+00:00,2026-10-11,USD,0.0023882000,Verified,1.0000000000,,data/eval/suite/runs/smoke-20260923/calls.jsonl,Provider-reported attributable consumption; no funding payment booked.
cost-089,OpenRouter,provider_usage,2026-09-23T20:35:29.193391+00:00,2026-09-23T20:35:29.193391+00:00,2026-09-23T20:35:29.193391+00:00,2026-10-11,USD,0.0095202000,Verified,1.0000000000,,data/eval/suite/runs/smoke-20260923/calls.jsonl,Provider-reported attributable consumption; no funding payment booked.
cost-090,OpenRouter,provider_usage,2026-09-23T20:35:29.193391+00:00,2026-09-23T20:35:29.193391+00:00,2026-09-23T20:35:29.193391+00:00,2026-10-11,USD,0.0010224000,Verified,1.0000000000,,data/eval/suite/runs/smoke-20260923/calls.jsonl,Provider-reported attributable consumption; no funding payment booked.
cost-091,OpenRouter,provider_usage,2026-09-23T20:35:29.193391+00:00,2026-09-23T20:35:29.193391+00:00,2026-09-23T20:35:29.193391+00:00,2026-10-11,USD,0.0208380000,Verified,1.0000000000,,data/eval/suite/runs/smoke-20260923/calls.jsonl,Provider-reported attributable consumption; no funding payment booked.
cost-092,OpenRouter,provider_usage,2026-09-23T20:35:29.193391+00:00,2026-09-23T20:35:29.193391+00:00,2026-09-23T20:35:29.193391+00:00,2026-10-11,USD,0.0012416340,Verified,1.0000000000,,data/eval/suite/runs/smoke-20260923/calls.jsonl,Provider-reported attributable consumption; no funding payment booked.
cost-093,OpenRouter,provider_usage,2026-09-23T20:38:03.683981+00:00,2026-09-23T20:38:03.683981+00:00,2026-09-23T20:38:03.683981+00:00,2026-10-11,USD,0.0004266000,Verified,1.0000000000,,data/eval/suite/runs/smoke2-20260923/calls.jsonl,Provider-reported attributable consumption; no funding payment booked.
cost-094,OpenRouter,provider_usage,2026-09-23T20:44:36.660821+00:00,2026-09-23T20:44:36.660821+00:00,2026-09-23T20:44:36.660821+00:00,2026-10-11,USD,0.0013207000,Verified,1.0000000000,,data/eval/suite/runs/smoke4-20260923/calls.jsonl,Provider-reported attributable consumption; no funding payment booked.
cost-095,OpenRouter,provider_usage,2026-09-23T20:44:36.660821+00:00,2026-09-23T20:44:36.660821+00:00,2026-09-23T20:44:36.660821+00:00,2026-10-11,USD,0.0013682000,Verified,1.0000000000,,data/eval/suite/runs/smoke4-20260923/calls.jsonl,Provider-reported attributable consumption; no funding payment booked.
apple-owner-confirmed-purchase,Apple,confirmed_purchase_amount_unknown,2026-05-30,2026-06-03,,2026-10-11,UNKNOWN,,Unknown,1.0000000000,,evidence/user-confirmations.json,"Owner confirms purchase specifically for Sentinel; exact date, amount and currency unknown. The $99 scenario is only in reconstruction.csv."
